Chapter,Verse,Meaning,label,clean_teks
78,1,Tentang apakah mereka saling bertanya-tanya?,lainnya,apakah saling tanya tanya
78,2,Tentang berita yang besar (hari berbangkit),kiamat,berita besar hari bangkit
78,3,yang dalam hal itu mereka berselisih.,lainnya,dalam itu selisih
78,4,"Sekali-kali tidak; kelak mereka akan mengetahui,",lainnya,sekali kali kelak akan tahu
78,5,kemudian sekali-kali tidak; kelak mereka mengetahui.,lainnya,kemudian sekali kali kelak tahu
78,6,"Bukankah Kami telah menjadikan bumi itu sebagai hamparan?,",lainnya,bukankah telah jadi bumi bagai hampar
78,7,"dan gunung-gunung sebagai pasak?,",lainnya,gunung gunung bagai pasak
78,8,"dan Kami jadikan kamu berpasang-pasangan,",lainnya,kami jadi kamu pasang pasang
78,9,"dan Kami jadikan tidurmu untuk istirahat,",lainnya,kami jadi tidur istirahat
78,10,"dan Kami jadikan malam sebagai pakaian,",lainnya,kami jadi malam bagai pakai
78,11,"dan Kami jadikan siang untuk mencari penghidupan,",lainnya,kami jadi siang cari hidup
78,12,"dan Kami bina di atas kamu tujuh buah (langit) yang kokoh,",lainnya,kami bina atas kamu tujuh buah langit kokoh
78,13,"dan Kami jadikan pelita yang amat terang (matahari),",lainnya,kami jadi pelita amat terang matahari
78,14,"dan Kami turunkan dari awan air yang banyak tercurah,",lainnya,kami turun awan air banyak curah
78,15,"supaya Kami tumbuhkan dengan air itu biji-bijian dan tumbuh-tumbuhan,",surga,kami tumbuh air biji biji tumbuh tumbuh
78,16,dan kebun-kebun yang lebat?,surga,kebun kebun lebat
78,17,"Sesungguhnya Hari Keputusan adalah suatu waktu yang ditetapkan,",kiamat,sungguh hari putus suatu waktu tetap
78,18,"yaitu hari (yang pada waktu itu) ditiup sangkakala lalu kamu datang berkelompok-kelompok,",kiamat,hari pada waktu tiup sangkakala lalu kamu datang kelompok kelompok
78,19,"dan dibukalah langit, maka terdapatlah beberapa pintu,",kiamat,buka langit dapat beberapa pintu
78,20,dan dijalankanlah gunung-gunung maka menjadi fatamorgana.,lainnya,jalan gunung gunung jadi fatamorgana
78,21,"Sesungguhnya neraka Jahannam itu (padanya) ada tempat pengintai,",neraka,sungguh neraka jahannam pada tempat intai
78,22,"menjadi tempat kembali bagi orang-orang yang melampaui batas,",neraka,jadi tempat bagi orang orang lampau batas
78,23,"mereka tinggal di dalamnya berabad-abad lamanya,",neraka,tinggal dalam abad abad lama
78,24,"mereka tidak merasakan kesejukan di dalamnya dan tidak (pula mendapat) minuman,",neraka,tidak rasa sejuk dalam tidak dapat minum
78,25,"selain air yang mendidih dan nanah,",neraka,air didih nanah
78,26,sebagai pambalasan yang setimpal.,neraka,bagai pambalasan timpal
78,27,"Sesungguhnya mereka tidak berharap (takut) kepada hisab,",hisab,sungguh tidak harap takut hisab
78,28,dan mereka mendustakan ayat-ayat Kami dengan sesungguh-sungguhnya.,lainnya,mereka dusta ayat ayat dengan sungguh sungguh
78,29,Dan segala sesuatu telah Kami catat dalam suatu kitab.,hisab,segala telah catat suatu kitab
78,30,Karena itu rasakanlah. Dan Kami sekali-kali tidak akan menambah kepada kamu selain daripada azab.,neraka,itu rasa kami sekali kali akan tambah kamu daripada azab
78,31,"Sesungguhnya orang-orang yang bertakwa mendapat kemenangan,",surga,sungguh orang orang takwa menang
78,32,"(yaitu) kebun-kebun dan buah anggur,",surga,kebun kebun buah anggur
78,33,"dan gadis-gadis remaja yang sebaya,",surga,gadis gadis remaja baya
78,34,dan gelas-gelas yang penuh (berisi minuman).,surga,gelas gelas penuh isi minum
78,35,Di dalamnya mereka tidak mendengar perkataan yang sia-sia dan tidak (pula) perkataan dusta.,surga,dalam tidak dengar kata sia sia tidak kata dusta
78,36,"Sebagai pembalasan dari Tuhanmu dan pemberian yang cukup banyak,",surga,bagai balas tuhan beri cukup banyak
78,37,Tuhan Yang memelihara langit dan bumi dan apa yang ada di antara keduanya; Yang Maha Pemurah. Mereka tidak dapat berbicara dengan Dia.,lainnya,tuhan pelihara langit bumi apa ada antara yang maha murah tidak bicara dia
78,38,"Pada hari, ketika ruh dan para malaikat berdiri bershaf-shaf, mereka tidak berkata-kata, kecuali siapa yang telah diberi izin kepadanya oleh Tuhan Yang Maha Pemurah; dan ia mengucapkan kata yang benar.",hisab,hari ruh para malaikat diri bershaf shaf tidak kata kata siapa telah beri izin oleh tuhan maha murah ia ucap kata benar
78,39,"Itulah hari yang pasti terjadi. Maka barangsiapa yang menghendaki, niscaya ia menempuh jalan kembali kepada Tuhannya.",hisab,hari pasti jadi barangsiapa hendak niscaya tempuh jalan kepada tuhan
78,40,"Sesungguhnya Kami telah memperingatkan kepadamu (hai orang kafir) siksa yang dekat, pada hari manusia melihat apa yang telah diperbuat oleh kedua tangannya; dan orang kafir berkata: ""Alangkah baiknya sekiranya aku dahulu adalah tanah"".",hisab,sungguh telah ingat hai orang kafir siksa dekat hari manusia lihat apa telah buat dua tangan orang kafir kata alangkah baik sekira aku adalah tanah
79,1,"Demi (malaikat-malaikat) yang mencabut (nyawa) dengan keras,",kiamat,malaikat malaikat cabut nyawa keras
79,2,"dan (malaikat-malaikat) yang mencabut (nyawa) dengan lemah-lembut,",kiamat,malaikat malaikat cabut nyawa lemah lembut
79,3,"dan (malaikat-malaikat) yang turun dari langit dengan cepat,",kiamat,malaikat malaikat turun langit cepat
79,4,"dan (malaikat-malaikat) yang mendahului dengan kencang,",kiamat,malaikat malaikat dahulu kencang
79,5,dan (malaikat-malaikat) yang mengatur urusan (dunia).,kiamat,malaikat malaikat atur urus dunia
79,6,"(Sesungguhnya kamu akan dibangkitkan) pada hari ketika tiupan pertama menggoncang alam,",kiamat,sungguh kamu bangkit hari tiup pertama menggoncang alam
79,7,tiupan pertama itu diiringi oleh tiupan kedua.,kiamat,tiup pertama iring tiup
79,8,"Hati manusia pada waktu itu sangat takut,",kiamat,hati manusia waktu sangat takut
79,9,Pandangannya tunduk.,kiamat,pandang tunduk
79,10,"(Orang-orang kafir) berkata: ""Apakah sesungguhnya kami benar-benar dikembalikan kepada kehidupan semula?",kiamat,orang orang kafir kata sungguh benar benar kepada hidup mula
79,11,"Apakah (akan dibangkitkan juga) apabila kami telah menjadi tulang belulang yang hancur lumat?""",kiamat,akan bangkit apabila telah jadi tulang belulang hancur lumat
79,12,"Mereka berkata: ""Kalau demikian, itu adalah suatu pengembalian yang merugikan"".",kiamat,kata kalau itu suatu yang rugi
79,13,"Sesungguhnya pengembalian itu hanyalah satu kali tiupan saja,",kiamat,sungguh itu satu kali tiup
79,14,maka dengan serta merta mereka hidup kembali di permukaan bumi.,kiamat,dengan merta hidup di muka bumi
79,15,Sudah sampaikah kepadamu (ya Muhammad) kisah Musa.,lainnya,sampai ya muhammad kisah musa
79,16,Tatkala Tuhannya memanggilnya di lembah suci ialah Lembah Thuwa;,lainnya,tatkala tuhan panggil lembah suci ialah lembah thuwa
79,17,"""Pergilah kamu kepada Fir?aun, sesungguhnya dia telah melampaui batas,",lainnya,pergi kamu fir aun sungguh telah lampau batas
79,18,"dan katakanlah (kepada Fir?aun): ""Adakah keinginan bagimu untuk membersihkan diri (dari kesesatan)"".",lainnya,kata fir aun ingin untuk bersih diri sesat
79,19,"Dan kamu akan kupimpin ke jalan Tuhanmu agar supaya kamu takut kepada-Nya?""",lainnya,kamu pimpin jalan tuhan supaya kamu takut nya
79,20,Lalu Musa memperlihatkan kepadanya mukjizat yang besar.,lainnya,lalu musa lihat mukjizat besar
79,21,Tetapi Fir?aun mendustakan dan mendurhakai.,lainnya,fir aun dusta durhaka
79,22,Kemudian dia berpaling seraya berusaha menantang (Musa).,lainnya,kemudian paling usaha tantang musa
79,23,Maka dia mengumpulkan (pembesar-pembesarnya) lalu berseru memanggil kaumnya.,lainnya,dia kumpul besar besar lalu seru panggil kaum
79,24,"(Seraya) berkata: ""Akulah tuhanmu yang paling tinggi"".",lainnya,kata aku tuhan paling tinggi
79,25,Maka Allah mengazabnya dengan azab di akhirat dan azab di dunia.,neraka,allah azab azab akhirat azab dunia
79,26,Sesungguhnya pada yang demikian itu terdapat pelajaran bagi orang yang takut (kepada Tuhannya).,lainnya,sungguh itu ajar orang yang takut tuhan
79,27,"Apakah kamu lebih sulit penciptaanya ataukah langit? Allah telah membinanya,",lainnya,kamu lebih sulit penciptaanya langit allah bina
79,28,"Dia meninggikan bangunannya lalu menyempurnakannya,",lainnya,tinggi bangun lalu sempurna
79,29,"dan Dia menjadikan malamnya gelap gulita, dan menjadikan siangnya terang benderang.",lainnya,dia jadi malam gelap gulita jadi siang terang benderang
79,30,Dan bumi sesudah itu dihamparkan-Nya.,kiamat,bumi itu hampar nya
79,31,"Darinya Dia pancarkan mata air, dan (ditumbuhkan) tumbuh-tumbuhannya.",surga,dia pancar mata air tumbuh tumbuh tumbuh
79,32,"Dan gunung-gunung dipancangkan-Nya dengan teguh,",lainnya,gunung gunung pancang nya teguh
79,33,(semua itu) untuk kesenanganmu dan untuk binatang-binatang ternakmu.,lainnya,semua untuk senang untuk binatang binatang ternak
79,34,Maka apabila malapetaka yang sangat besar (hari kiamat) telah datang.,kiamat,apabila malapetaka sangat besar hari kiamat datang
79,35,"Pada hari (ketika) manusia teringat akan apa yang telah dikerjakannya,",hisab,hari manusia ingat apa telah kerja
79,36,dan diperlihatkan neraka dengan jelas kepada setiap orang yang melihat.,neraka,lihat neraka jelas tiap orang lihat
79,37,"Adapun orang yang melampaui batas,",lainnya,adapun orang lampau batas
79,38,"dan lebih mengutamakan kehidupan dunia,",lainnya,lebih utama hidup dunia
79,39,maka sesungguhnya nerakalah tempat tinggal(nya).,neraka,sungguh neraka tempat tinggal nya
79,40,"Dan adapun orang-orang yang takut kepada kebesaran Tuhannya dan menahan diri dari keinginan hawa nafsunya,",lainnya,adapun orang orang takut besar tuhan tahan diri ingin hawa nafsu
79,41,maka sesungguhnya surgalah tempat tinggal(nya).,surga,sungguh surga tempat tinggal nya
79,42,"(Orang-orang kafir) bertanya kepadamu (Muhammad) tentang hari kebangkitan, kapankah terjadinya?",kiamat,orang orang kafir tanya muhammad hari bangkit kapan jadi
79,43,Untuk apa kamu perlu menyebutkannya (waktunya),kiamat,apa kamu perlu sebut waktu
79,44,Kepada Tuhanmulah dikembalikan kesudahannya (ketentuan waktunya).,kiamat,tuhan sudah waktu
79,45,Kamu hanyalah pemberi peringatan bagi siapa yang takut kepadanya (hari berbangkit),kiamat,kamu beri ingat siapa takut hari bangkit
79,46,"Pada hari mereka melihat hari berbangkit itu, mereka merasa seakan-akan tidak tinggal (di dunia) melainkan (sebentar saja) di waktu sore atau pagi hari.",kiamat,hari lihat hari bangkit mereka rasa akan tinggal dunia sebentar di waktu sore pagi hari
80,1,"Dia (Muhammad) bermuka masam dan berpaling,",lainnya,muhammad muka masam paling
80,2,karena telah datang seorang buta kepadanya.,lainnya,telah datang orang buta
80,3,"Tahukah kamu barangkali ia ingin membersihkan dirinya (dari dosa),",lainnya,tahu kamu barangkali ingin bersih diri dosa
80,4,"atau dia (ingin) mendapatkan pengajaran, lalu pengajaran itu memberi manfaat kepadanya?",lainnya,dia dapat ajar lalu ajar beri manfaat
80,5,"Adapun orang yang merasa dirinya serba cukup,",lainnya,adapun orang rasa diri serba cukup
80,6,maka engkau (Muhammad) memberi perhatian kepadanya.,lainnya,engkau muhammad beri perhati
80,7,Padahal tidak ada (celaan) atasmu kalau dia tidak membersihkan diri (beriman).,lainnya,padahal ada cela atas kalau tidak bersih diri iman
80,8,"Dan adapun orang yang datang kepadamu dengan bersegera (untuk mendapatkan pengajaran),",lainnya,adapun orang datang dengan segera dapat ajar
80,9,"sedang ia takut kepada (Allah),",lainnya,sedang takut allah
80,10,maka kamu mengabaikannya.,lainnya,kamu abai
80,11,"Sekali-kali jangan (demikian)! Sesungguhnya ajaran-ajaran Tuhan itu adalah suatu peringatan,",lainnya,sekali kali jangan sungguh ajar ajar tuhan adalah suatu ingat
80,12,"maka barangsiapa yang menghendaki, tentulah ia memperhatikannya,",lainnya,barangsiapa hendak ia perhati
80,13,"di dalam kitab-kitab yang dimuliakan,",lainnya,dalam kitab kitab mulia
80,14,"yang ditinggikan lagi disucikan,",lainnya,tinggi suci
80,15,"di tangan para utusan (malaikat),",lainnya,tangan utus malaikat
80,16,yang mulia lagi berbakti.,lainnya,mulia bakti
80,17,Celakalah manusia! Alangkah kufurnya dia!,lainnya,celaka manusia alangkah kufur
80,18,Dari apakah Allah menciptakannya?,lainnya,apakah allah cipta
80,19,"Dari setetes mani, Allah menciptakannya lalu menentukannya.",lainnya,tetes mani allah cipta lalu
80,20,Kemudian Dia memudahkan jalannya.,lainnya,kemudian mudah jalan
80,21,"kemudian Dia mematikannya dan memasukkannya ke dalam kubur,",kiamat,kemudian mati masuk dalam kubur
80,22,"kemudian bila Dia menghendaki, Dia membangkitkannya kembali.",kiamat,kemudian bila hendak bangkit
80,23,"Sekali-kali jangan; manusia itu belum melaksanakan apa yang diperintahkan Allah kepadanya,",lainnya,sekali kali jangan manusia belum laksana apa perintah allah
80,24,maka hendaklah manusia itu memperhatikan makanannya.,lainnya,hendak manusia perhati makan
80,25,"Sesungguhnya Kami benar-benar telah mencurahkan air (dari langit),",lainnya,sungguh benar benar curah air langit
80,26,"kemudian Kami belah bumi dengan sebaik-baiknya,",lainnya,kemudian belah bumi baik baik
80,27,"lalu Kami tumbuhkan biji-bijian di bumi itu,",lainnya,lalu tumbuh biji biji bumi
80,28,"anggur dan sayur-sayuran,",lainnya,anggur sayur sayur
80,29,"zaitun dan pohon kurma,",lainnya,zaitun pohon kurma
80,30,kebun-kebun (yang) rindang,lainnya,kebun kebun rindang
80,31,"dan buah-buahan serta rumput-rumputan,",lainnya,buah buah rumput rumput
80,32,untuk kesenanganmu dan untuk binatang-binatang ternakmu.,lainnya,senang untuk binatang binatang ternak
80,33,"Dan apabila datang suara yang memekakkan (tiupan sangkakala yang kedua),",kiamat,apabila datang suara pekak tiup sangkakala dua
80,34,"pada hari ketika manusia lari dari saudaranya,",kiamat,hari manusia lari saudara
80,35,"dari ibu dan bapaknya,",kiamat,ibu bapak
80,36,dari istri dan anak-anaknya.,kiamat,istri anak anak
80,37,Setiap orang dari mereka pada hari itu mempunyai urusan yang cukup menyibukkannya.,kiamat,tiap orang mereka hari punya urus cukup sibuk
80,38,"Banyak muka pada hari itu berseri-seri,",surga,banyak muka hari seri seri
80,39,"tertawa dan bergembira ria,",surga,tertawa gembira ria
80,40,"dan banyak (pula) muka pada hari itu tertutup debu,",neraka,banyak muka hari tutup debu
80,41,dan ditutup lagi oleh kegelapan.,neraka,tutup oleh gelap
80,42,Mereka itulah orang-orang kafir lagi durhaka.,lainnya,itu orang orang kafir durhaka
81,1,"Apabila matahari digulung,",kiamat,apabila matahari gulung
81,2,"dan apabila bintang-bintang berjatuhan,",kiamat,apabila bintang bintang jatuh
81,3,"dan apabila gunung-gunung dihancurkan,",kiamat,apabila gunung gunung hancur
81,4,dan apabila unta-unta yang bunting ditinggalkan (tidak diperdulikan),kiamat,apabila unta unta bunting tinggal duli
81,5,"dan apabila binatang-binatang liar dikumpulkan,",kiamat,apabila binatang binatang liar kumpul
81,6,dan apabila lautan dijadikan meluap,kiamat,apabila laut jadi luap
81,7,dan apabila ruh-ruh dipertemukan (dengan tubuh),hisab,apabila ruh ruh temu tubuh
81,8,"dan apabila bayi-bayi perempuan yang dikubur hidup-hidup ditanya,",lainnya,apabila bayi bayi perempuan kubur hidup hidup tanya
81,9,"karena dosa apakah dia dibunuh,",lainnya,dosa dia bunuh
81,10,"dan apabila catatan-catatan (amal perbuatan manusia) dibuka,",hisab,apabila catat catat amal buat manusia buka
81,11,"dan apabila langit dilenyapkan,",kiamat,apabila langit lenyap
81,12,"dan apabila neraka Jahim dinyalakan,",neraka,apabila neraka jahim nyala
81,13,"dan apabila surga didekatkan,",surga,apabila surga dekat
81,14,maka tiap-tiap jiwa akan mengetahui apa yang telah dikerjakannya.,hisab,tiap tiap jiwa tahu apa telah kerja
81,15,"Aku bersumpah demi bintang-bintang,",lainnya,aku sumpah bintang bintang
81,16,"yang beredar dan terbenam,",lainnya,edar benam
81,17,"demi malam apabila telah hampir meninggalkan gelapnya,",lainnya,malam apabila hampir tinggal gelap
81,18,"dan demi subuh apabila fajarnya mulai menyingsing,",lainnya,demi subuh apabila fajar mulai singsing
81,19,"sesungguhnya Al Quran itu benar-benar firman (Allah yang dibawa oleh) utusan yang mulia (Jibril),",lainnya,sungguh al quran benar benar firman allah bawa utus mulia jibril
81,20,"yang mempunyai kekuatan, yang mempunyai kedudukan tinggi di sisi Allah yang mempunyai ?Arsy,",lainnya,punya kuat punya duduk tinggi sisi allah punya arsy
81,21,yang disana (di alam malaikat) ditaati dan dipercaya.,lainnya,sana alam malaikat taat percaya
81,22,Dan temanmu (Muhammad) itu bukanlah sekali-kali orang yang gila.,lainnya,teman muhammad bukan sekali kali orang gila
81,23,Dan sesungguhnya Muhammad itu melihat Jibril di ufuk yang terang.,lainnya,sungguh muhammad lihat jibril ufuk terang
81,24,Dan dia (Muhammad) bukanlah orang yang bakhil untuk menerangkan yang ghaib.,lainnya,dia muhammad bukan orang bakhil terang ghaib
81,25,"Dan Al Quran itu bukanlah perkataan syaitan yang terkutuk,",lainnya,al quran bukan kata syaitan kutuk
81,26,maka ke manakah kamu akan pergi?,lainnya,ke mana kamu pergi
81,27,"Al Quran itu tiada lain hanyalah peringatan bagi semesta alam,",lainnya,al quran tiada hanya ingat semesta alam
81,28,(yaitu) bagi siapa di antara kamu yang mau menempuh jalan yang lurus.,lainnya,bagi siapa antara kamu mau tempuh jalan lurus
81,29,"Dan kamu tidak dapat menghendaki (menempuh jalan itu) kecuali apabila dikehendaki Allah, Tuhan semesta alam.",lainnya,kamu dapat hendak tempuh jalan kecuali apabila hendak allah tuhan semesta alam
82,1,"Apabila langit terbelah,",kiamat,apabila langit belah
82,2,"dan apabila bintang-bintang jatuh berserakan,",kiamat,apabila bintang bintang jatuh sera
82,3,"dan apabila lautan menjadikan meluap,",kiamat,apabila laut jadi luap
82,4,"dan apabila kuburan-kuburan dibongkar,",kiamat,apabila kubur kubur bongkar
82,5,maka tiap-tiap jiwa akan mengetahui apa yang telah dikerjakan dan yang dilalaikannya.,hisab,tiap tiap jiwa tahu apa telah kerja yang lalai
82,6,"Hai manusia, apakah yang telah memperdayakan kamu (berbuat durhaka) terhadap Tuhanmu Yang Maha Pemurah.",lainnya,hai manusia daya kamu buat durhaka hadap tuhan yang maha murah
82,7,"Yang telah menciptakan kamu lalu menyempurnakan kejadianmu dan menjadikan (susunan tubuh)mu seimbang,",lainnya,telah cipta kamu lalu sempurna jadi jadi susun tubuh mu imbang
82,8,"dalam bentuk apa saja yang Dia kehendaki, Dia menyusun tubuhmu.",lainnya,bentuk apa yang hendak susun tubuh
82,9,"Bukan hanya durhaka saja, bahkan kamu mendustakan hari pembalasan.",kiamat,bukan durhaka bahkan kamu dusta hari balas
82,10,"Padahal sesungguhnya bagi kamu ada (malaikat-malaikat) yang mengawasi (pekerjaanmu),",lainnya,padahal sungguh kamu malaikat malaikat awas kerja
82,11,"yang mulia (di sisi Allah) dan mencatat (pekerjaan-pekerjaanmu itu),",hisab,mulia sisi allah catat kerja kerja
82,12,mereka mengetahui apa yang kamu kerjakan.,lainnya,tahu apa kamu kerja
82,13,"Sesungguhnya orang-orang yang banyak berbakti benar-benar berada dalam surga yang penuh kenikmatan,",surga,sungguh orang orang banyak bakti benar benar dalam surga penuh nikmat
82,14,dan sesungguhnya orang-orang yang durhaka benar-benar berada dalam neraka.,neraka,sungguh orang orang durhaka benar benar dalam neraka
82,15,Mereka masuk ke dalamnya pada hari pembalasan.,kiamat,masuk dalam hari balas
82,16,Dan mereka sekali-kali tidak dapat keluar dari neraka itu.,neraka,mereka sekali kali dapat keluar neraka
82,17,Tahukah kamu apakah hari pembalasan itu?,kiamat,tahu kamu hari balas
82,18,"Sekali lagi, tahukah kamu apakah hari pembalasan itu?",kiamat,sekali tahu kamu hari balas
82,19,(Yaitu) hari (ketika) seseorang tidak berdaya sedikitpun untuk menolong orang lain. Dan segala urusan pada hari itu dalam kekuasaan Allah.,kiamat,hari orang daya sedikit tolong orang dan segala urus hari dalam kuasa allah
83,1,Kecelakaan besarlah bagi orang-orang yang curang,neraka,celaka besar orang orang curang
83,2,"(yaitu) orang-orang yang apabila menerima takaran dari orang lain mereka minta dipenuhi,",lainnya,orang orang apabila terima takar orang mereka minta penuh
83,3,"dan apabila mereka menakar atau menimbang untuk orang lain, mereka mengurangi.",lainnya,apabila takar timbang orang mereka kurang
83,4,"Tidaklah orang-orang itu menyangka, bahwa sesungguhnya mereka akan dibangkitkan,",kiamat,orang orang sangka sungguh akan bangkit
83,5,"pada suatu hari yang besar,",kiamat,suatu hari besar
83,6,(yaitu) hari (ketika) manusia bangkit menghadap Tuhan semesta alam?,kiamat,hari manusia bangkit hadap tuhan semesta alam
83,7,"Sekali-kali jangan curang, karena sesungguhnya catatan orang yang durhaka tersimpan dalam sijjin.",hisab,sekali kali jangan curang sungguh catat orang durhaka simpan sijjin
83,8,Tahukah kamu apakah sijjin itu?,lainnya,tahu kamu sijjin
83,9,(Ialah) kitab yang berisi catatan (amal),hisab,ialah kitab isi catat amal
83,10,"Kecelakaan yang besarlah pada hari itu bagi orang-orang yang mendustakan,",neraka,celaka besar hari bagi orang orang dusta
83,11,(yaitu) orang-orang yang mendustakan hari pembalasan.,kiamat,orang orang dusta hari balas
83,12,"Dan tidak ada yang mendustakan hari pembalasan itu melainkan setiap orang yang melampaui batas lagi berdosa,",kiamat,tidak dusta hari balas lain tiap orang yang lampau batas dosa
83,13,"yang apabila dibacakan kepadanya ayat-ayat Kami, ia berkata: ""Itu adalah dongengan orang-orang yang dahulu""",lainnya,apabila baca ayat ayat ia kata adalah dongeng orang orang dahulu
83,14,"Sekali-kali tidak (demikian), sebenarnya apa yang selalu mereka usahakan itu menutupi hati mereka.",lainnya,sekali kali demikian benar apa selalu usaha tutup hati
83,15,"Sekali-kali tidak, sesungguhnya mereka pada hari itu benar-benar tertutup dari (rahmat) Tuhan mereka.",kiamat,sekali kali sungguh pada hari benar benar tutup rahmat tuhan
83,16,"Kemudian, sesungguhnya mereka benar-benar masuk neraka.",neraka,kemudian sungguh benar benar masuk neraka
83,17,"Kemudian, dikatakan (kepada mereka): ""Inilah azab yang dahulu selalu kamu dustakan"".",neraka,kemudian kata mereka azab dahulu selalu kamu dusta
83,18,"Sekali-kali tidak, sesungguhnya catatan orang-orang yang berbakti itu (tersimpan) dalam ?Illiyyin.",hisab,sekali kali sungguh catat orang orang bakti simpan illiyyin
83,19,Tahukah kamu apakah ?Illiyyin itu?,lainnya,tahu kamu illiyyin
83,20,(Yaitu) kitab yang berisi catatan,hisab,kitab isi catat
83,21,yang disaksikan oleh malaikat-malaikat yang didekatkan (kepada Allah).,hisab,saksi malaikat malaikat dekat allah
83,22,"Sesungguhnya orang yang berbakti itu benar-benar berada dalam kenikmatan yang besar (surga),",surga,sungguh orang bakti benar benar dalam nikmat besar surga
83,23,mereka (duduk) di atas dipan-dipan sambil memandang.,surga,duduk atas dipan dipan pandang
83,24,Kamu dapat mengetahui dari wajah mereka kesenangan mereka yang penuh kenikmatan.,surga,kamu tahu wajah senang yang penuh nikmat
83,25,"Mereka diberi minum dari khamar murni yang dilak (disegel),",surga,beri minum khamar murni dilak segel
83,26,laknya adalah kesturi; dan untuk yang demikian itu hendaknya orang berlomba-lomba.,surga,lak kesturi untuk demikian hendak orang lomba lomba
83,27,"Dan campuran khamar murni itu adalah dari tasnim,",surga,campur khamar murni adalah tasnim
83,28,(yaitu) mata air yang minum daripadanya orang-orang yang didekatkan kepada Allah.,surga,mata air minum orang orang dekat allah
83,29,"Sesungguhnya orang-orang yang berdosa, adalah mereka yang menertawakan orang-orang yang beriman.",lainnya,sungguh orang orang dosa mereka tertawa orang orang iman
83,30,"Dan apabila orang-orang yang beriman lalu di hadapan mereka, mereka saling mengedip-ngedipkan matanya.",lainnya,apabila orang orang iman lalu hadap mereka saling kedip ngedipkan mata
83,31,"Dan apabila orang-orang yang berdosa itu kembali kepada kaumnya, mereka kembali dengan gembira.",lainnya,apabila orang orang dosa kembali kaum kembali gembira
83,32,"Dan apabila mereka melihat orang-orang mukmin, mereka mengatakan: ""Sesungguhnya mereka itu benar-benar orang-orang yang sesat"",",lainnya,apabila lihat orang orang mukmin kata sungguh itu benar benar orang orang sesat
83,33,padahal orang-orang yang berdosa itu tidak dikirim untuk penjaga bagi orang-orang mukmin.,lainnya,padahal orang orang dosa tidak kirim jaga orang orang mukmin
83,34,"Maka pada hari ini, orang-orang yang beriman menertawakan orang-orang kafir,",lainnya,pada hari orang orang iman tertawa orang orang kafir
83,35,mereka (duduk) di atas dipan-dipan sambil memandang.,lainnya,duduk atas dipan dipan pandang
83,36,Sesungguhnya orang-orang kafir telah diberi ganjaran terhadap apa yang dahulu mereka kerjakan.,neraka,sungguh orang orang kafir beri ganjar hadap apa dahulu kerja
84,1,"Apabila langit terbelah,",kiamat,apabila langit belah
84,2,"dan patuh kepada Tuhannya, dan sudah semestinya langit itu patuh,",lainnya,patuh tuhan sudah mesti langit patuh
84,3,"dan apabila bumi diratakan,",kiamat,apabila bumi rata
84,4,"dan dilemparkan apa yang ada di dalamnya dan menjadi kosong,",kiamat,lempar apa ada dalam jadi kosong
84,5,"dan patuh kepada Tuhannya, dan sudah semestinya bumi itu patuh, (pada waktu itu manusia akan mengetahui akibat perbuatannya).",hisab,patuh tuhan sudah mesti bumi patuh waktu manusia tahu akibat buat
84,6,"Hai manusia, sesungguhnya kamu telah bekerja dengan sungguh-sungguh menuju Tuhanmu, maka pasti kamu akan menemui-Nya.",hisab,hai manusia sungguh kamu kerja sungguh sungguh tuju tuhan pasti kamu temu nya
84,7,"Adapun orang yang diberikan kitabnya dari sebelah kanannya,",hisab,adapun orang beri kitab belah kanan
84,8,"maka dia akan diperiksa dengan pemeriksaan yang mudah,",hisab,dia periksa periksa mudah
84,9,dan dia akan kembali kepada kaumnya (yang sama-sama beriman) dengan gembira.,surga,dia kembali kaum sama sama iman gembira
84,10,"Adapun orang-orang yang diberikan kitabnya dari belakang,",hisab,adapun orang orang beri kitab belakang
84,11,"maka dia akan berteriak: ""Celakalah aku"".",neraka,dia teriak celaka aku
84,12,Dan dia akan masuk ke dalam api yang menyala-nyala (neraka).,neraka,dia masuk dalam api nyala nyala neraka
84,13,Sesungguhnya dia dahulu (di dunia) bergembira di kalangan kaumnya (yang sama-sama kafir).,lainnya,sungguh dahulu dunia gembira kalang kaum sama sama kafir
84,14,Sesungguhnya dia mengira bahwa dia tidak akan kembali (kepada Tuhannya).,lainnya,sungguh ira dia akan kepada tuhan
84,15,"(Bukan demikian), yang benar, sesungguhnya Tuhannya selalu melihatnya.",lainnya,bukan yang benar sungguh tuhan selalu lihat
84,16,"Maka sesungguhnya Aku bersumpah dengan cahaya merah di waktu senja,",lainnya,sungguh aku sumpah cahaya merah waktu senja
84,17,"dan dengan malam dan apa yang diselubunginya,",lainnya,dengan malam apa selubung
84,18,"dan dengan bulan apabila jadi purnama,",lainnya,dengan bulan apabila jadi purnama
84,19,"sesungguhnya kamu melalui tingkat demi tingkat (dalam kehidupan),",lainnya,sungguh kamu lalu tingkat tingkat hidup
84,20,Mengapa mereka tidak mau beriman?,lainnya,mereka mau iman
84,21,"dan apabila Al Quran dibacakan kepada mereka, mereka tidak bersujud,",lainnya,apabila al quran baca mereka tidak sujud
84,22,bahkan orang-orang kafir itu mendustakan(nya).,lainnya,bahkan orang orang kafir dusta nya
84,23,Padahal Allah mengetahui apa yang mereka sembunyikan (dalam hati mereka).,lainnya,padahal allah tahu apa sembunyi hati mereka
84,24,"Maka beri kabar gembiralah mereka dengan azab yang pedih,",neraka,beri kabar gembira dengan azab pedih
84,25,"tetapi orang-orang yang beriman dan beramal saleh, bagi mereka pahala yang tidak putus-putusnya.",lainnya,orang orang iman amal saleh mereka pahala tidak putus putus
85,1,"Demi langit yang mempunyai gugusan bintang,",lainnya,langit punya gugus bintang
85,2,"dan hari yang dijanjikan,",lainnya,hari janji
85,3,demi yang menyaksikan dan yang disaksikan.,hisab,yang saksi yang saksi
85,4,"Binasa dan terlaknatlah orang-orang yang membuat parit,",neraka,binasa laknat orang orang buat parit
85,5,"yang berapi (dinyalakan dengan) kayu bakar,",neraka,rap nyala kayu bakar
85,6,"ketika mereka duduk di sekitarnya,",lainnya,mereka duduk sekitar
85,7,sedang mereka menyaksikan apa yang mereka perbuat terhadap orang-orang yang beriman.,hisab,sedang saksi apa mereka buat hadap orang orang iman
85,8,"Dan mereka tidak menyiksa orang-orang mukmin itu melainkan karena orang-orang mukmin itu beriman kepada Allah Yang Maha Perkasa lagi Maha Terpuji,",lainnya,mereka siksa orang orang mukmin lain orang orang mukmin iman allah maha perkasa maha puji
85,9,Yang mempunyai kerajaan langit dan bumi; dan Allah Maha Menyaksikan segala sesuatu.,lainnya,punya raja langit bumi allah maha saksi segala
85,10,"Sesungguhnya orang-orang yang mendatangkan cobaan kepada orang-orang yang mukmin laki-laki dan perempuan kemudian mereka tidak bertaubat, maka bagi mereka azab Jahannam dan bagi mereka azab (neraka) yang membakar.",neraka,sungguh orang orang datang coba orang orang mukmin laki laki perempuan kemudian tidak taubat bagi azab jahannam bagi azab neraka bakar
85,11,Sesungguhnya orang-orang yang beriman dan mengerjakan amal-amal yang saleh bagi mereka surga yang mengalir di bawahnya sungai-sungai; itulah keberuntungan yang besar.,surga,sungguh orang orang iman kerja amal amal saleh mereka surga alir bawah sungai sungai untung besar
85,12,Sesungguhnya azab Tuhanmu benar-benar keras.,neraka,sungguh azab tuhan benar benar keras
85,13,Sesungguhnya Dialah Yang menciptakan (makhluk) dari permulaan dan menghidupkannya (kembali).,lainnya,sungguh yang cipta makhluk mula hidup
85,14,"Dialah Yang Maha Pengampun lagi Maha Pengasih,",lainnya,yang maha kam maha asih
85,15,"yang mempunyai ?Arsy, lagi Maha Mulia,",lainnya,punya arsy maha mulia
85,16,Maha Kuasa berbuat apa yang dikehendaki-Nya.,lainnya,maha kuasa buat apa hendak nya
85,17,"Sudahkah datang kepadamu berita kaum-kaum penentang,",lainnya,datang berita kaum kaum
85,18,(yaitu kaum) Fir?aun dan (kaum) Tsamud?,lainnya,kaum fir aun kaum tsamud
85,19,"Sesungguhnya orang-orang kafir selalu mendustakan,",lainnya,sungguh orang orang kafir selalu dusta
85,20,padahal Allah mengepung mereka dari belakang mereka.,lainnya,padahal allah kepung dari belakang
85,21,"Bahkan yang didustakan mereka itu ialah Al Quran yang mulia,",lainnya,bahkan dusta itu ialah al quran mulia
85,22,yang (tersimpan) dalam Lauh Mahfuzh.,lainnya,simpan lauh mahfuzh
86,1,"Demi langit dan yang datang pada malam hari,",lainnya,langit yang datang malam hari
86,2,tahukah kamu apakah yang datang pada malam hari itu?,lainnya,tahu kamu yang datang malam hari
86,3,"(yaitu) bintang yang cahayanya menembus,",lainnya,bintang cahaya tembus
86,4,tidak ada suatu jiwapun (diri) melainkan ada penjaganya.,lainnya,ada suatu jiwa diri ada jaga
86,5,Maka hendaklah manusia memperhatikan dari apakah dia diciptakan?,lainnya,hendak manusia perhati apakah cipta
86,6,"Dia diciptakan dari air yang dipancarkan,",lainnya,cipta air pancar
86,7,yang keluar dari antara tulang sulbi laki-laki dan tulang dada perempuan.,lainnya,keluar antara tulang sulbi laki laki tulang dada perempuan
86,8,Sesungguhnya Allah benar-benar kuasa untuk mengembalikannya (hidup sesudah mati).,kiamat,sungguh allah benar benar kuasa kembali hidup mati
86,9,"Pada hari dinampakkan segala rahasia,",kiamat,hari dinampakkan segala rahasia
86,10,maka sekali-kali tidak ada bagi manusia itu suatu kekuatanpun dan tidak (pula) seorang penolong.,kiamat,sekali kali ada manusia suatu kuat tidak orang
86,11,Demi langit yang mengandung hujan,lainnya,langit kandung hujan
86,12,"dan bumi yang mempunyai tumbuh-tumbuhan,",lainnya,bumi punya tumbuh tumbuh
86,13,sesungguhnya Al Quran itu benar-benar firman yang memisahkan antara yang hak dan yang bathil.,lainnya,sungguh al quran benar benar firman pisah yang hak yang bathil
86,14,dan sekali-kali bukanlah dia senda gurau.,lainnya,sekali kali bukan senda gurau
86,15,Sesungguhnya orang kafir itu merencanakan tipu daya yang jahat dengan sebenar-benarnya.,lainnya,sungguh orang kafir rencana tipu daya jahat benar benar
86,16,Dan Akupun membuat rencana (pula) dengan sebenar-benarnya.,lainnya,aku buat rencana dengan benar benar
86,17,Karena itu berilah penangguhan kepada orang-orang kafir. Berilah mereka kesempatan untuk sementara waktu.,lainnya,itu ilah tangguh orang orang kafir ilah sempat sementara waktu
87,1,"Sucikanlah nama Tuhanmu Yang Maha Tingi,",lainnya,suci nama tuhan maha tingi
87,2,"yang menciptakan, dan menyempurnakan (penciptaan-Nya),",lainnya,cipta sempurna cipta nya
87,3,"dan yang menentukan kadar (masing-masing) dan memberi petunjuk,",lainnya,yang kadar masing masing beri tunjuk
87,4,"dan yang menumbuhkan rumput-rumputan,",lainnya,yang tumbuh rumput rumput
87,5,lalu dijadikan-Nya rumput-rumput itu kering kehitam-hitaman.,lainnya,lalu jadi nya rumput rumput kering hitam hitam
87,6,"Kami akan membacakan (Al Quran) kepadamu (Muhammad) maka kamu tidak akan lupa,",lainnya,akan baca al quran muhammad kamu akan lupa
87,7,kecuali kalau Allah menghendaki. Sesungguhnya Dia mengetahui yang terang dan yang tersembunyi.,lainnya,kalau allah hendak sungguh tahu terang yang sembunyi
87,8,dan Kami akan memudahkan bagimu ke jalan yang mudah (mencapai kebahagiaan dunia dan akhirat),surga,kami mudah ke jalan mudah capai bahagia dunia akhirat
87,9,"oleh sebab itu berikanlah peringatan karena peringatan itu bermanfaat,",lainnya,sebab beri ingat ingat manfaat
87,10,"orang yang takut (kepada Allah) akan mendapat pelajaran,",lainnya,orang takut allah dapat ajar
87,11,dan orang-orang yang celaka (kafir) akan menjauhinya.,lainnya,orang orang celaka kafir jauh
87,12,(Yaitu) orang yang akan memasuki api yang besar (neraka).,neraka,orang akan pasuk api besar neraka
87,13,Kemudian dia tidak akan mati di dalamnya dan tidak (pula) hidup.,neraka,kemudian tidak mati dalam tidak hidup
87,14,"Sesungguhnya beruntunglah orang yang membersihkan diri (dengan beriman),",surga,sungguh untung orang bersih diri iman
87,15,"dan dia ingat nama Tuhannya, lalu dia sembahyang.",lainnya,ingat nama tuhan lalu dia sembahyang
87,16,Tetapi kamu (orang-orang kafir) memilih kehidupan duniawi.,lainnya,kamu orang orang kafir pilih hidup duniawi
87,17,Sedang kehidupan akhirat adalah lebih baik dan lebih kekal.,lainnya,sedang hidup akhirat lebih baik lebih kekal
87,18,"Sesungguhnya ini benar-benar terdapat dalam kitab-kitab yang dahulu,",lainnya,sungguh benar benar dalam kitab kitab dahulu
87,19,(yaitu) Kitab-kitab Ibrahim dan Musa,lainnya,kitab kitab ibrahim musa
88,1,Sudah datangkah kepadamu berita (tentang) hari pembalasan?,kiamat,datang berita hari balas
88,2,"Banyak muka pada hari itu tunduk terhina,",kiamat,banyak muka hari tunduk hina
88,3,"bekerja keras lagi kepayahan,",lainnya,kerja keras payah
88,4,"memasuki api yang sangat panas (neraka),",neraka,pasuk api sangat panas neraka
88,5,diberi minum (dengan air) dari sumber yang sangat panas.,neraka,beri minum air sumber sangat panas
88,6,"Mereka tiada memperoleh makanan selain dari pohon yang berduri,",neraka,tiada makan dari pohon dur
88,7,yang tidak menggemukkan dan tidak pula menghilangkan lapar.,neraka,tidak gemuk tidak hilang lapar
88,8,"Banyak muka pada hari itu berseri-seri,",surga,banyak muka hari seri seri
88,9,"merasa senang karena usahanya,",surga,rasa senang usaha
88,10,"dalam surga yang tinggi,",surga,surga tinggi
88,11,disana (kamu) tidak mendengar perkataan yang tidak berguna.,surga,sana kamu dengar kata tidak
88,12,Di dalamnya ada mata air yang mengalir.,surga,dalam mata air alir
88,13,"Di dalamnya ada dipan-dipan yang ditinggikan,",surga,dalam dipan dipan tinggi
88,14,"dan gelas-gelas yang terletak (di dekatnya),",surga,gelas gelas letak dekat
88,15,"dan bantal-bantal sandaran yang tersusun,",surga,bantal bantal sandar susun
88,16,dan permadani-permadani yang terhampar.,surga,permadani permadani hampar
88,17,"Maka apakah mereka tidak memperhatikan unta bagaimana dia diciptakan,",lainnya,apakah tidak perhati unta bagaimana cipta
88,18,"Dan langit, bagaimana ia ditinggikan?",lainnya,langit bagaimana tinggi
88,19,Dan gunung-gunung bagaimana ia ditegakkan?,lainnya,gunung gunung bagaimana tegak
88,20,Dan bumi bagaimana ia dihamparkan?,lainnya,bumi bagaimana hampar
88,21,"Maka berilah peringatan, karena sesungguhnya kamu (Muhammad) hanyalah orang yang memberi peringatan.",lainnya,ilah ingat sungguh kamu muhammad orang beri ingat
88,22,"Kamu bukanlah orang yang berkuasa atas mereka,",lainnya,kamu bukan orang kuasa atas
88,23,"kecuali (jika ada) orang yang berpaling dan kafir,",lainnya,jika orang paling kafir
88,24,maka Allah akan mengazabnya dengan azab yang besar.,neraka,allah azab azab besar
88,25,Sesungguhnya kepada Kami-lah mereka kembali.,kiamat,sungguh kami lah kembali
88,26,kemudian sesungguhnya kewajiban Kami-lah menghisab mereka.,hisab,kemudian sungguh wajib lah hisab
89,1,"Demi fajar,",lainnya,fajar
89,2,"dan malam yang sepuluh,",lainnya,malam puluh
89,3,"dan yang genap dan yang ganjil,",lainnya,yang genap yang ganjil
89,4,dan malam bila berlalu.,lainnya,malam bila lalu
89,5,Pada yang demikian itu terdapat sumpah (yang dapat diterima) oleh orang-orang yang berakal.,lainnya,itu sumpah dapat terima orang orang yang akal
89,6,Apakah kamu tidak memperhatikan bagaimana Tuhanmu berbuat terhadap kaum ?Aad?,lainnya,kamu perhati bagaimana tuhan buat hadap kaum aad
89,7,"(yaitu) penduduk Iram yang mempunyai bangunan-bangunan yang tinggi,",lainnya,duduk iram punya bangun bangun tinggi
89,8,"yang belum pernah dibangun (suatu kota) seperti itu, di negeri-negeri lain,",lainnya,belum pernah bangun suatu kota itu negeri negeri
89,9,"dan kaum Tsamud yang memotong batu-batu besar di lembah,",lainnya,kaum tsamud potong batu batu besar lembah
89,10,"dan kaum Fir?aun yang mempunyai pasak-pasak (tentara yang banyak),",lainnya,kaum fir aun punya pasak pasak tentara banyak
89,11,"yang berbuat sewenang-wenang dalam negeri,",lainnya,buat wenang wenang negeri
89,12,"lalu mereka berbuat banyak kerusakan dalam negeri itu,",lainnya,lalu buat banyak rusa negeri
89,13,"karena itu Tuhanmu menimpakan kepada mereka cemeti azab,",neraka,itu tuhan timpa mereka cemeti azab
89,14,sesungguhnya Tuhanmu benar-benar mengawasi.,lainnya,sungguh tuhan benar benar awas
89,15,"Adapun manusia apabila Tuhannya mengujinya lalu dia dimuliakan-Nya dan diberi-Nya kesenangan, maka dia akan berkata: ""Tuhanku telah memuliakanku"".",lainnya,adapun manusia apabila tuhan uji lalu mulia nya beri nya senang dia kata tuhan mulia
89,16,"Adapun bila Tuhannya mengujinya lalu membatasi rezekinya maka dia berkata: ""Tuhanku menghinakanku"".",lainnya,adapun bila tuhan uji lalu batas rezeki dia kata tuhan hina
89,17,"Sekali-kali tidak (demikian), sebenarnya kamu tidak memuliakan anak yatim,",lainnya,sekali kali demikian benar kamu mulia anak yatim
89,18,"dan kamu tidak saling mengajak memberi makan orang miskin,",lainnya,kamu saling ajak beri makan orang miskin
89,19,"dan kamu memakan harta pusaka dengan cara mencampur baurkan (yang halal dan yang bathil),",lainnya,kamu makan harta pusaka cara campur baur halal yang bathil
89,20,dan kamu mencintai harta benda dengan kecintaan yang berlebihan.,lainnya,kamu cinta harta benda cinta lebih
89,21,"Jangan (berbuat demikian). Apabila bumi digoncangkan berturut-turut,",kiamat,jangan buat apabila bumi digoncangkan turut turut
89,22,dan datanglah Tuhanmu; sedang malaikat berbaris-baris.,hisab,datang tuhan sedang malaikat bar baris
89,23,"Dan pada hari itu diperlihatkan neraka Jahannam; dan pada hari itu ingatlah manusia, akan tetapi tidak berguna lagi mengingat itu baginya.",hisab,pada hari lihat neraka jahannam pada hari ingat manusia tetapi guna ingat bagi
89,24,"Dia mengatakan: ""Alangkah baiknya kiranya aku dahulu mengerjakan (amal saleh) untuk hidupku ini"".",hisab,kata alangkah baik kira aku kerja amal saleh hidup
89,25,Maka pada hari itu tidak ada seorangpun yang menyiksa seperti siksa-Nya.,neraka,pada hari tidak orang siksa siksa nya
89,26,dan tiada seorangpun yang mengikat seperti ikatan-Nya.,neraka,tiada orang ikat ikat nya
89,27,Hai jiwa yang tenang.,lainnya,hai jiwa tenang
89,28,Kembalilah kepada Tuhanmu dengan hati yang puas lagi diridhai-Nya.,surga,kepada tuhan hati puas diridhai nya
89,29,"Maka masuklah ke dalam jama?ah hamba-hamba-Ku,",surga,masuk dalam jama ah hamba hamba ku
89,30,masuklah ke dalam surga-Ku.,surga,masuk dalam surga ku
90,1,"Aku benar-benar bersumpah dengan kota ini (Mekah),",lainnya,aku benar benar sumpah kota mekah
90,2,"dan kamu (Muhammad) bertempat di kota Mekah ini,",lainnya,kamu muhammad tempat kota mekah
90,3,dan demi bapak dan anaknya.,lainnya,demi bapak anak
90,4,Sesungguhnya Kami telah menciptakan manusia berada dalam susah payah.,lainnya,sungguh telah cipta manusia dalam susah payah
90,5,Apakah manusia itu menyangka bahwa sekali-kali tiada seorangpun yang berkuasa atasnya?,lainnya,manusia sangka sekali kali tiada orang kuasa atas
90,6,"Dan mengatakan: ""Aku telah menghabiskan harta yang banyak"".",lainnya,kata aku habis harta banyak
90,7,Apakah dia menyangka bahwa tiada seorangpun yang melihatnya?,lainnya,dia sangka tiada orang lihat
90,8,"Bukankah Kami telah memberikan kepadanya dua buah mata,",lainnya,bukankah telah beri dua buah mata
90,9,lidah dan dua buah bibir.,lainnya,lidah dua buah bibir
90,10,"Dan Kami telah menunjukkan kepadanya dua jalan,",lainnya,kami tunjuk dua jalan
90,11,Tetapi dia tiada menempuh jalan yang mendaki dan sukar.,lainnya,dia tiada tempuh jalan daki sukar
90,12,Tahukah kamu apakah jalan yang mendaki lagi sukar itu?,lainnya,tahu kamu jalan daki sukar
90,13,"(yaitu) melepaskan budak dari perbudakan,",lainnya,lepas budak budak
90,14,"atau memberi makan pada hari kelaparan,",lainnya,beri makan hari lapar
90,15,"(kepada) anak yatim yang ada hubungan kerabat,",lainnya,anak yatim ada hubung kerabat
90,16,atau kepada orang miskin yang sangat fakir.,lainnya,kepada orang miskin sangat fakir
90,17,Dan dia (tidak pula) termasuk orang-orang yang beriman dan saling berpesan untuk bersabar dan saling berpesan untuk berkasih sayang.,lainnya,dia pula masuk orang orang iman saling pesan sabar saling pesan kasih sayang
90,18,Mereka (orang-orang yang beriman dan saling berpesan itu) adalah golongan kanan.,hisab,orang orang iman saling pesan adalah golong kanan
90,19,"Dan orang-orang yang kafir kepada ayat-ayat Kami, mereka itu adalah golongan kiri.",hisab,orang orang kafir ayat ayat mereka adalah golong kiri
90,20,Mereka berada dalam neraka yang ditutup rapat.,neraka,ada neraka tutup rapat
91,1,"Demi matahari dan cahayanya di pagi hari,",lainnya,matahari cahaya pagi hari
91,2,"dan bulan apabila mengiringinya,",lainnya,bulan apabila iring
91,3,"dan siang apabila menampakkannya,",lainnya,siang apabila tampak
91,4,"dan malam apabila menutupinya,",lainnya,malam apabila tutup
91,5,"dan langit serta pembinaannya,",lainnya,langit bina
91,6,"dan bumi serta penghamparannya,",lainnya,bumi hampar
91,7,"dan jiwa serta penyempurnaannya (ciptaannya),",lainnya,jiwa sempurna cipta
91,8,maka Allah mengilhamkan kepada jiwa itu (jalan) kefasikan dan ketakwaannya.,lainnya,allah ilham jiwa jalan fasik takwa
91,9,"sesungguhnya beruntunglah orang yang mensucikan jiwa itu,",surga,sungguh untung orang suci jiwa
91,10,dan sesungguhnya merugilah orang yang mengotorinya.,neraka,sungguh rugi orang kotor
91,11,"(Kaum) Tsamud telah mendustakan (rasulnya) karena mereka melampaui batas,",lainnya,kaum tsamud dusta rasul mereka lampau batas
91,12,"ketika bangkit orang yang paling celaka di antara mereka,",kiamat,bangkit orang paling celaka antara
91,13,"lalu Rasul Allah (Saleh) berkata kepada mereka: (""Biarkanlah) unta betina dari Allah ini dengan minumannya"".",lainnya,lalu rasul allah saleh kata mereka biar unta betina allah dengan minum
91,14,"Lalu mereka mendustakannya dan menyembelih unta itu, maka Tuhan mereka membinasakan mereka disebabkan dosa mereka, lalu Allah menyama-ratakan mereka (dengan tanah),",kiamat,lalu dusta sembelih unta maka tuhan binasa sebab dosa lalu allah sama rata dengan tanah
91,15,dan Allah tidak takut terhadap akibat tindakan-Nya itu.,lainnya,allah takut hadap akibat tindak nya
92,1,"Demi malam apabila menutupi (cahaya siang),",lainnya,malam apabila tutup cahaya siang
92,2,"dan siang apabila terang benderang,",lainnya,siang apabila terang benderang
92,3,"dan penciptaan laki-laki dan perempuan,",lainnya,cipta laki laki perempuan
92,4,sesungguhnya usaha kamu memang berbeda-beda.,lainnya,sungguh usaha kamu memang beda beda
92,5,"Adapun orang yang memberikan (hartanya di jalan Allah) dan bertakwa,",lainnya,adapun orang beri harta jalan allah takwa
92,6,"dan membenarkan adanya pahala yang terbaik (surga),",surga,benar pahala baik surga
92,7,maka Kami kelak akan menyiapkan baginya jalan yang mudah.,surga,kami kelak siap jalan mudah
92,8,"Dan adapun orang-orang yang bakhil dan merasa dirinya cukup,",lainnya,adapun orang orang bakhil rasa diri cukup
92,9,"serta mendustakan pahala terbaik,",lainnya,dusta pahala baik
92,10,maka kelak Kami akan menyiapkan baginya (jalan) yang sukar.,neraka,kelak akan siap jalan sukar
92,11,Dan hartanya tidak bermanfaat baginya apabila ia telah binasa.,lainnya,harta manfaat apabila telah binasa
92,12,"Sesungguhnya kewajiban Kamilah memberi petunjuk,",lainnya,sungguh wajib beri tunjuk
92,13,dan sesungguhnya kepunyaan Kamilah akhirat dan dunia.,lainnya,sungguh punya akhirat dunia
92,14,"Maka, kami memperingatkan kamu dengan neraka yang menyala-nyala.",neraka,kami ingat kamu neraka nyala nyala
92,15,"Tidak ada yang masuk ke dalamnya kecuali orang yang paling celaka,",neraka,ada masuk dalam orang paling celaka
92,16,yang mendustakan (kebenaran) dan berpaling (dari iman).,lainnya,dusta benar paling iman
92,17,"Dan kelak akan dijauhkan orang yang paling takwa dari neraka itu,",surga,kelak jauh orang paling takwa neraka
92,18,"yang menafkahkan hartanya (di jalan Allah) untuk membersihkannya,",lainnya,nafkah harta jalan allah bersih
92,19,"padahal tidak ada seseorangpun memberikan suatu nikmat kepadanya yang harus dibalasnya,",lainnya,padahal ada orang beri suatu nikmat yang balas
92,20,tetapi (dia memberikan itu semata-mata) karena mencari keridhaan Tuhannya yang Maha Tinggi.,lainnya,dia beri semata mata cari keridhaan tuhan maha tinggi
92,21,Dan kelak dia benar-benar mendapat kepuasan.,surga,kelak benar benar puas
93,1,Demi waktu waktu duha (ketika matahari naik sepenggalah),lainnya,waktu waktu duha matahari naik pengga
93,2,"dan demi malam apabila telah sunyi (gelap),",lainnya,demi malam apabila sunyi gelap
93,3,Tuhanmu tiada meninggalkan kamu dan tiada (pula) benci kepadamu.,lainnya,tuhan tiada tinggal kamu tiada benci
93,4,Dan sesungguhnya hari kemudian itu lebih baik bagimu daripada yang sekarang (permulaan).,surga,sungguh hari kemudian lebih baik daripada sekarang mula
93,5,"Dan kelak Tuhanmu pasti memberikan karunia-Nya kepadamu , lalu (hati) kamu menjadi puas.",surga,kelak tuhan beri karunia nya lalu hati kamu jadi puas
93,6,"Bukankah Dia mendapatimu sebagai seorang yatim, lalu Dia melindungimu?",lainnya,bukankah dapat bagai orang yatim lalu lindung
93,7,"Dan Dia mendapatimu sebagai seorang yang bingung, lalu Dia memberikan petunjuk.",lainnya,bagai orang bingung lalu dia beri tunjuk
93,8,"Dan Dia mendapatimu sebagai seorang yang kekurangan, lalu Dia memberikan kecukupan.",lainnya,bagai orang kurang lalu dia beri cukup
93,9,"Sebab itu, terhadap anak yatim janganlah kamu berlaku sewenang-wenang.",lainnya,itu hadap anak yatim jangan kamu laku wenang wenang
93,10,"Dan terhadap orang yang minta-minta, janganlah kamu menghardiknya.",lainnya,hadap orang minta minta jangan kamu hardik
93,11,"Dan terhadap nikmat Tuhanmu, maka hendaklah kamu nyatakan (dengan bersyukur)",lainnya,hadap nikmat tuhan hendak kamu nyata syukur
94,1,Bukankah Kami telah melapangkan dadamu (Muhammad)?,lainnya,bukankah telah lapang dada muhammad
94,2,"dan Kami telah menghilangkan daripadamu bebanmu,",lainnya,kami hilang beban
94,3,yang memberatkan punggungmu?,lainnya,berat punggung
94,4,"Dan Kami tinggikan bagimu sebutan (nama)mu,",lainnya,kami tinggi sebut nama mu
94,5,"Karena sesungguhnya sesudah kesulitan itu ada kemudahan,",lainnya,sungguh sulit ada mudah
94,6,sesungguhnya sesudah kesulitan itu ada kemudahan.,lainnya,sungguh sulit ada mudah
94,7,"Maka apabila kamu telah selesai (dari sesuatu urusan), kerjakanlah dengan sungguh-sungguh (urusan) yang lain,",lainnya,apabila kamu selesai sesuatu urus kerja sungguh sungguh urus lain
94,8,dan hanya kepada Tuhanmulah hendaknya kamu berharap.,lainnya,hanya tuhan hendak kamu harap
95,1,"Demi (buah) Tin dan (buah) Zaitun,",surga,buah tin buah zaitun
95,2,"dan demi bukit Sinai,",surga,demi bukit sai
95,3,"dan demi kota (Mekah) ini yang aman,",lainnya,demi kota mekah yang aman
95,4,sesungguhnya Kami telah menciptakan manusia dalam bentuk yang sebaik-baiknya.,lainnya,sungguh telah cipta manusia bentuk baik baik
95,5,"Kemudian Kami kembalikan dia ke tempat yang serendah-rendahnya (neraka),",neraka,kemudian kembali ke tempat serendah rendah neraka
95,6,kecuali orang-orang yang beriman dan mengerjakan amal saleh; maka bagi mereka pahala yang tiada putus-putusnya.,lainnya,orang orang iman kerja amal saleh bagi pahala tiada putus putus
95,7,Maka apakah yang menyebabkan kamu mendustakan (hari) pembalasan sesudah (adanya keterangan-keterangan) itu?,kiamat,apakah sebab kamu dusta hari balas ada terang terang
95,8,Bukankah Allah Hakim yang seadil-adilnya?,lainnya,bukankah allah hakim adil adil
96,1,"Bacalah dengan (menyebut) nama Tuhanmu Yang menciptakan,",lainnya,baca sebut nama tuhan cipta
96,2,Dia telah menciptakan manusia dari segumpal darah.,lainnya,telah cipta manusia gumpal darah
96,3,"Bacalah, dan Tuhanmulah yang Mahamulia",lainnya,baca tuhan mahamulia
96,4,"Yang mengajar (manusia) dengan perantaran kalam,",lainnya,ajar manusia antar kalam
96,5,Dia mengajar kepada manusia apa yang tidak diketahuinya.,lainnya,ajar manusia apa tidak tahu
96,6,"Ketahuilah! Sesungguhnya manusia benar-benar melampaui batas,",lainnya,tahu sungguh manusia benar benar lampau batas
96,7,karena dia melihat dirinya serba cukup.,lainnya,dia lihat diri serba cukup
96,8,Sesungguhnya hanya kepada Tuhanmulah kembali(mu).,kiamat,sungguh kepada tuhan mu
96,9,"Bagaimana pendapatmu tentang orang yang melarang,",lainnya,bagaimana tentang orang larang
96,10,"seorang hamba ketika mengerjakan shalat,",lainnya,orang hamba kerja shalat
96,11,"bagaimana pendapatmu jika orang yang melarang itu berada di atas kebenaran,",lainnya,bagaimana jika orang larang ada atas benar
96,12,atau dia menyuruh bertakwa (kepada Allah)?,lainnya,dia suruh takwa allah
96,13,Bagaimana pendapatmu jika orang yang melarang itu mendustakan dan berpaling?,lainnya,bagaimana jika orang larang dusta paling
96,14,Tidaklah dia mengetahui bahwa sesungguhnya Allah melihat segala perbuatannya?,lainnya,dia tahu sungguh allah lihat segala buat
96,15,"Ketahuilah, sungguh jika dia tidak berhenti (berbuat demikian) niscaya Kami tarik ubun-ubunnya (ke dalam neraka)",neraka,tahu sungguh dia henti buat niscaya tarik ubun ubunnya dalam neraka
96,16,(yaitu) ubun-ubun orang yang mendustakan lagi durhaka.,lainnya,ubun ubun orang dusta durhaka
96,17,"Maka biarlah dia memanggil golongannya (untuk menolongnya),",lainnya,biar panggil golong tolong
96,18,"kelak Kami akan memanggil malaikat Zabaniyah,",lainnya,kelak akan panggil malaikat zabaniyah
96,19,"sekali-kali jangan, janganlah kamu patuh kepadanya; dan sujudlah dan dekatkanlah (dirimu kepada Tuhan).",lainnya,sekali kali jangan jangan kamu patuh sujud dan dekat diri tuhan
97,1,Sesungguhnya Kami telah menurunkannya (Al Quran) pada malam kemuliaan.,lainnya,sungguh telah turun al quran malam mulia
97,2,Dan tahukah kamu apakah malam kemuliaan itu?,lainnya,tahu kamu malam mulia
97,3,Malam kemuliaan itu lebih baik dari seribu bulan.,lainnya,malam mulia lebih baik ribu bulan
97,4,Pada malam itu turun malaikat-malaikat dan malaikat Jibril dengan izin Tuhannya untuk mengatur segala urusan.,lainnya,malam turun malaikat malaikat malaikat jibril izin tuhan atur segala urus
97,5,Malam itu (penuh) kesejahteraan sampai terbit fajar.,lainnya,malam penuh sejahtera terbit fajar
98,1,"Orang-orang kafir yakni ahli Kitab dan orang-orang musyrik (mengatakan bahwa mereka) tidak akan meninggalkan (agamanya) sebelum datang kepada mereka bukti yang nyata,",lainnya,orang orang kafir ahli kitab orang orang musyrik kata mereka akan tinggal agama datang mereka bukti nyata
98,2,"(yaitu) seorang Rasul dari Allah (Muhammad) yang membacakan lembaran-lembaran yang disucikan (Al Quran),",lainnya,orang rasul allah muhammad baca lembar lembar suci al quran
98,3,di dalamnya terdapat (isi) Kitab-kitab yang lurus.,lainnya,dalam isi kitab kitab lurus
98,4,Dan tidaklah berpecah belah orang-orang yang didatangkan Al Kitab (kepada mereka) melainkan sesudah datang kepada mereka bukti yang nyata.,lainnya,tidak pecah belah orang orang datang al kitab mereka sudah datang mereka bukti nyata
98,5,"Padahal mereka tidak disuruh kecuali supaya menyembah Allah dengan memurnikan ketaatan kepada-Nya dalam (menjalankan) agama yang lurus, dan supaya mereka mendirikan shalat dan menunaikan zakat; dan yang demikian itulah agama yang lurus.",lainnya,padahal tidak suruh supaya sembah allah murni taat nya jalan agama lurus supaya diri shalat tunai zakat itu agama yang lurus
98,6,Sesungguhnya orang-orang yang kafir yakni ahli Kitab dan orang-orang yang musyrik (akan masuk) ke neraka Jahannam; mereka kekal di dalamnya. Mereka itu adalah seburuk-buruk makhluk.,neraka,sungguh orang orang kafir ahli kitab orang orang musyrik masuk neraka jahannam kekal dalam itu buruk buruk makhluk
98,7,"Sesungguhnya orang-orang yang beriman dan mengerjakan amal saleh, mereka itu adalah sebaik-baik makhluk.",lainnya,sungguh orang orang iman kerja amal saleh itu baik baik makhluk
98,8,Balasan mereka di sisi Tuhan mereka ialah surga ?Adn yang mengalir di bawahnya sungai-sungai; mereka kekal di dalamnya selama-lamanya. Allah ridha terhadap mereka dan merekapun ridha kepada-Nya. Yang demikian itu adalah (balasan) bagi orang yang takut kepada Tuhannya.,surga,balas sisi tuhan ialah surga adn alir bawah sungai sungai kekal di dalam lama lama allah ridha hadap dan ridha nya demikian adalah balas orang takut tuhan
99,1,"Apabila bumi digoncangkan dengan goncangan (yang dahsyat),",kiamat,apabila bumi digoncangkan goncangan dahsyat
99,2,"dan bumi telah mengeluarkan beban-beban berat (yang dikandung)nya,",kiamat,bumi keluar beban beban berat kandung nya
99,3,"dan manusia bertanya: ""Mengapa bumi (menjadi begini)?"",",lainnya,manusia tanya bumi jadi begini
99,4,"pada hari itu bumi menceritakan beritanya,",lainnya,hari bumi cerita berita
99,5,karena sesungguhnya Tuhanmu telah memerintahkan (yang sedemikian itu) kepadanya.,lainnya,sungguh tuhan perintah demikian kepada
99,6,"Pada hari itu manusia ke luar dari kuburnya dalam keadaan bermacam-macam, supaya diperlihatkan kepada mereka (balasan) pekerjaan mereka,",kiamat,hari manusia luar kubur ada macam macam lihat balas kerja mereka
99,7,"Barangsiapa yang mengerjakan kebaikan seberat dzarrahpun, niscaya dia akan melihat (balasan)nya.",kiamat,barangsiapa kerja baik berat dzarrahpun niscaya akan lihat balas nya
99,8,"Dan barangsiapa yang mengerjakan kejahatan sebesar dzarrahpun, niscaya dia akan melihat (balasan)nya pula.",kiamat,barangsiapa kerja jahat besar dzarrahpun niscaya akan lihat balas nya
100,1,"Demi kuda perang yang berlari kencang dengan terengah-engah,",lainnya,kuda perang lari kencang engah engah
100,2,"dan kuda yang mencetuskan api dengan pukulan (kuku kakinya),",lainnya,kuda cetus api pukul kuku kaki
100,3,"dan kuda yang menyerang dengan tiba-tiba di waktu pagi,",lainnya,kuda serang tiba tiba waktu pagi
100,4,"maka ia menerbangkan debu,",lainnya,ia terbang debu
100,5,"dan menyerbu ke tengah-tengah kumpulan musuh,",lainnya,serbu tengah tengah kumpul musuh
100,6,"sesungguhnya manusia itu sangat ingkar, tidak berterima kasih kepada Tuhannya,",lainnya,sungguh manusia sangat ingkar terima kasih tuhan
100,7,"dan sesungguhnya manusia itu menyaksikan (sendiri) keingkarannya,",lainnya,sungguh manusia saksi sendiri ingkar
100,8,dan sesungguhnya dia sangat bakhil karena cintanya kepada harta.,lainnya,sungguh sangat bakhil cinta harta
100,9,"Maka apakah dia tidak mengetahui apabila dibangkitkan apa yang ada di dalam kubur,",kiamat,apakah tidak tahu apabila bangkit apa ada dalam kubur
100,10,"dan dilahirkan apa yang ada di dalam dada,",lainnya,lahir apa ada dalam dada
100,11,sesungguhnya Tuhan mereka pada hari itu Maha Mengetahui keadaan mereka.,lainnya,sungguh tuhan pada hari maha tahu mereka
101,1,"Hari Kiamat,",kiamat,hari kiamat
101,2,apakah hari Kiamat itu?,kiamat,hari kiamat
101,3,Tahukah kamu apakah hari Kiamat itu?,kiamat,tahu kamu hari kiamat
101,4,"Pada hari itu manusia adalah seperti anai-anai yang bertebaran,",kiamat,hari manusia seperti ana ana tebar
101,5,dan gunung-gunung adalah seperti bulu yang dihambur-hamburkan.,kiamat,gunung gunung seperti bulu hambur hambur
101,6,"Dan adapun orang-orang yang berat timbangan (kebaikan)nya,",hisab,adapun orang orang berat timbang baik nya
101,7,maka dia berada dalam kehidupan yang memuaskan.,surga,dia dalam hidup muas
101,8,"Dan adapun orang-orang yang ringan timbangan (kebaikan)nya,",hisab,adapun orang orang ringan timbang baik nya
101,9,maka tempat kembalinya adalah neraka Hawiyah.,neraka,tempat adalah neraka hawiyah
101,10,Tahukah kamu apakah neraka Hawiyah itu?,neraka,tahu kamu neraka hawiyah
101,11,(Yaitu) api yang sangat panas.,neraka,api sangat panas
102,1,"Bermegah-megahan telah melalaikan kamu,",lainnya,megah megah lalai kamu
102,2,sampai kamu masuk ke dalam kubur.,kiamat,kamu masuk dalam kubur
102,3,"sekali-kali tidak! kelak kamu akan mengetahui (akibat perbuatanmu itu),",hisab,sekali kali kelak kamu tahu akibat buat
102,4,Kemudia sekali-kali tidak! kelak kamu akan mengetahui.,lainnya,kemudia sekali kali kelak kamu tahu
102,5,sekali-kali tidak! Sekiranya kamu mengetahui dengan pasti.,lainnya,sekali kali sekira kamu tahu pasti
102,6,"niscaya kamu benar-benar akan melihat neraka Jahiim,",neraka,niscaya kamu benar benar lihat neraka jahiim
102,7,dan sesungguhnya kamu benar-benar akan melihatnya dengan ?ainul yaqin.,lainnya,sungguh kamu benar benar lihat ainul yaqin
102,8,kemudian kamu pasti akan ditanyai pada hari itu tentang kenikmatan (yang kamu megah-megahkan di dunia itu).,hisab,kemudian kamu akan tanya hari tentang nikmat kamu megah megah dunia
103,1,Demi masa.,lainnya,masa
103,2,"Sesungguhnya manusia itu benar-benar dalam kerugian,",lainnya,sungguh manusia benar benar rugi
103,3,kecuali orang-orang yang beriman dan mengerjakan amal saleh dan nasehat menasehati supaya mentaati kebenaran dan nasehat menasehati supaya menetapi kesabaran.,lainnya,orang orang iman kerja amal saleh nasehat nasehat taat benar nasehat nasehat tetapi sabar
104,1,"Kecelakaanlah bagi setiap pengumpat lagi pencela,",neraka,celaka tiap umpat cela
104,2,"yang mengumpulkan harta dan menghitung-hitung,",neraka,kumpul harta hitung hitung
104,3,"dia mengira bahwa hartanya itu dapat mengkekalkannya,",neraka,ira harta dapat kekal
104,4,sekali-kali tidak! Sesungguhnya dia benar-benar akan dilemparkan ke dalam Huthamah.,neraka,sekali kali sungguh benar benar lempar dalam huthamah
104,5,Dan tahukah kamu apa Huthamah itu?,neraka,tahu kamu apa huthamah
104,6,"(yaitu) api (yang disediakan) Allah yang dinyalakan,",neraka,api sedia allah nyala
104,7,yang (membakar) sampai ke hati.,neraka,bakar ke hati
104,8,"Sesungguhnya api itu ditutup rapat atas mereka,",neraka,sungguh api tutup rapat atas
104,9,(sedang mereka itu) diikat pada tiang-tiang yang panjang.,neraka,sedang itu ikat tiang tiang panjang
105,1,Apakah kamu tidak memperhatikan bagaimana Tuhanmu telah bertindak terhadap tentara bergajah?,lainnya,kamu perhati bagaimana tuhan tindak hadap tentara gajah
105,2,Bukankah Dia telah menjadikan tipu daya mereka (untuk menghancurkan Ka?bah) itu sia-sia?,lainnya,bukankah telah jadi tipu daya untuk hancur ka bah sia sia
105,3,"dan Dia mengirimkan kapada mereka burung yang berbondong-bondong,",lainnya,dia kirim kapada burung bondong bondong
105,4,"yang melempari mereka dengan batu (berasal) dari tanah yang terbakar,",lainnya,lempari dengan batu asal tanah bakar
105,5,lalu Dia menjadikan mereka seperti daun-daun yang dimakan (ulat).,lainnya,lalu jadi seperti daun daun makan ulat
106,1,"Karena kebiasaan orang-orang Quraisy,",lainnya,biasa orang orang quraisy
106,2,(yaitu) kebiasaan mereka bepergian pada musim dingin dan musim panas.,lainnya,biasa pergi musim dingin musim panas
106,3,Maka hendaklah mereka menyembah Tuhan Pemilik rumah ini (Ka?bah).,lainnya,hendak sembah tuhan milik rumah ka bah
106,4,Yang telah memberi makanan kepada mereka untuk menghilangkan lapar dan mengamankan mereka dari ketakutan.,lainnya,telah beri makan hilang lapar aman mereka dari takut
107,1,Tahukah kamu (orang) yang mendustakan agama?,lainnya,tahu kamu orang dusta agama
107,2,"Itulah orang yang menghardik anak yatim,",lainnya,orang hardik anak yatim
107,3,dan tidak menganjurkan memberi makan orang miskin.,lainnya,tidak anjur beri makan orang miskin
107,4,"Maka kecelakaanlah bagi orang-orang yang shalat,",neraka,celaka orang orang shalat
107,5,"(yaitu) orang-orang yang lalai dari shalatnya,",neraka,orang orang lalai shalatnya
107,6,"orang-orang yang berbuat riya,",neraka,orang orang buat riya
107,7,dan enggan (menolong dengan) barang berguna.,lainnya,enggan dengan barang
108,1,Sesungguhnya Kami telah memberikan kepadamu nikmat yang banyak.,lainnya,sungguh telah beri nikmat banyak
108,2,Maka dirikanlah shalat karena Tuhanmu; dan berkorbanlah.,lainnya,diri shalat tuhan korban
108,3,Sesungguhnya orang-orang yang membenci kamu dialah yang terputus.,lainnya,sungguh orang orang benci kamu yang putus
109,1,"Katakanlah: ""Hai orang-orang kafir,",lainnya,kata hai orang orang kafir
109,2,Aku tidak akan menyembah apa yang kamu sembah.,lainnya,aku akan sembah apa kamu sembah
109,3,Dan kamu bukan penyembah Tuhan yang aku sembah.,lainnya,kamu bukan sembah tuhan aku sembah
109,4,"Dan aku tidak pernah menjadi penyembah apa yang kamu sembah,",lainnya,aku pernah jadi sembah apa kamu sembah
109,5,dan kamu tidak pernah (pula) menjadi penyembah Tuhan yang aku sembah.,lainnya,kamu pernah jadi sembah tuhan aku sembah
109,6,"Untukmu agamamu, dan untukkulah, agamaku"".",lainnya,agama untuk agama
110,1,"Apabila telah datang pertolongan Allah dan kemenangan,",surga,apabila datang allah menang
110,2,"dan kamu lihat manusia masuk agama Allah dengan berbondong-bondong,",lainnya,kamu lihat manusia masuk agama allah bondong bondong
110,3,maka bertasbihlah dengan memuji Tuhanmu dan mohonlah ampun kepada-Nya. Sesungguhnya Dia adalah Maha Penerima taubat.,lainnya,tasbih puji tuhan mohon ampun nya sungguh adalah maha terima taubat
111,1,Binasalah kedua tangan Abu Lahab dan sesungguhnya dia akan binasa.,neraka,binasa tangan abu lahab sungguh akan binasa
111,2,Tidaklah berfaedah kepadanya harta bendanya dan apa yang ia usahakan.,lainnya,faedah harta benda apa ia usaha
111,3,Kelak dia akan masuk ke dalam api yang bergejolak.,neraka,kelak akan masuk dalam api gejolak
111,4,"Dan (begitu pula) istrinya, pembawa kayu bakar.",lainnya,begitu istri bawa kayu bakar
111,5,Yang di lehernya ada tali dari sabut.,lainnya,di leher tali sabut
112,1,"Katakanlah: ""Dialah Allah, Yang Maha Esa.",lainnya,kata allah maha esa
112,2,Allah adalah Tuhan yang bergantung kepada-Nya segala sesuatu.,lainnya,allah tuhan gantung nya segala
112,3,"Dia tiada beranak dan tidak pula diperanakkan,",lainnya,tiada anak tidak anak
112,4,"dan tidak ada seorangpun yang setara dengan Dia"".",lainnya,tidak orang tara dia
113,1,"Katakanlah: ""Aku berlindung kepada Tuhan Yang Menguasai subuh,",lainnya,kata aku lindung tuhan kuasa subuh
113,2,"dari kejahatan makhluk-Nya,",lainnya,jahat makhluk nya
113,3,"dan dari kejahatan malam apabila telah gelap gulita,",lainnya,dari jahat malam apabila gelap gulita
113,4,"dan dari kejahatan wanita-wanita tukang sihir yang menghembus pada buhul-buhul,",lainnya,dari jahat wanita wanita tukang sihir hembus buhul buhul
113,5,"dan dari kejahatan pendengki bila ia dengki"".",lainnya,dari jahat dengki bila dengki
114,1,"Katakanlah: ""Aku berlindung kepada Tuhan (yang memelihara dan menguasai) manusia.",lainnya,kata aku lindung tuhan pelihara kuasa manusia
114,2,Raja manusia.,lainnya,raja manusia
114,3,Sembahan manusia.,lainnya,sembah manusia
114,4,"Dari kejahatan (bisikan) syaitan yang biasa bersembunyi,",lainnya,jahat bisik syaitan biasa sembunyi
114,5,"yang membisikkan (kejahatan) ke dalam dada manusia,",lainnya,bisik jahat dalam dada manusia
114,6,dari (golongan) jin dan manusia.,lainnya,golong jin manusia
